﻿<?xml version="1.0" encoding="utf-8" ?> 
<system>
	<FlashFile path="/Template/Tpl_04/flash/xuni.swf"  />
	<FlashFile path="/Template/Tpl_04/flash/twhost.swf"  />
	<FlashFile path="/Template/Tpl_04/flash/cn.swf"  />
	<FlashFile path="/Template/Tpl_04/flash/vps.swf"  />
	<FlashFile path="/Template/Tpl_04/flash/cloud.swf"  />
	<FlashFile path="/Template/Tpl_04/flash/asia.swf"  />
	<FlashFile path="/Template/Tpl_04/flash/autosite.swf"  />
	<FlashFile path="/Template/Tpl_04/flash/agent.swf"  />
</system>